query_id,query_name,query_annotation,control_query_id
J1661,rad5,strains,J1801
J1663,rad18,strains,J1801
J1667,rad14,strains,J1801
J1669,rev1,strains,J1801
J1671,hrq1,strains,J1801
J1673,rad61,strains,J1801
J1677,mlh3,strains,J1801
J1679,slx4,strains,J1801
J1681,rad1,strains,J1801
J1683,rev3,strains,J1801
J1685,rad10,strains,J1801
J1686,hmt1,strains,J1801
J1687,sky1,strains,J1801
J1693,rad54,strains,J1801
J1694,dhh1,strains,J1801
J1695,dhh1,strains,J1801
J1699,csm3,strains,J1801
J1701,mms2,strains,J1801
J1703,irc21,strains,J1801
J1725,yku70,strains,J1801
J1727,dbf2,strains,J1801
J1729,exo1,strains,J1801
J1731,siz1,strains,J1801
J1733,ddc1,strains,J1801
J1735,psy2,strains,J1801
J1737,rev7,strains,J1801
J1739,saw1,strains,J1801
J1741,sin4,strains,J1801
J1743,rdh54,strains,J1801
J1745,top3,strains,J1801
J1747,ctf4,strains,J1801
J1749,swi4,strains,J1801
J1751,slx8,strains,J1801
J1753,psy4,strains,J1801
J1762,rad52,strains,J1801
J1767,sgs1,strains,J1801
J1769,esc2,strains,J1801
J1771,rrm3,strains,J1801
J1774,rad27,strains,J1801
J1776,rtt101,strains,J1801
J1778,asf1,strains,J1801
J1781,pso2,strains,J1801
J1783,mph1,strains,J1801
J1785,srs2,strains,J1801
J1787,dia2,strains,J1801
J1789,pif1,strains,J1801
J1801,leu2,strains,J1801
J1811,mus81,strains,J1801
J1813,rad6,strains,J1801
J1815,tdp1,strains,J1801
J1823,rph1,strains,J1801
J1824,rad23,strains,J1801
J1825,rad28,strains,J1801
J1844,rmi1,strains,J1801
J1845,hpc2,strains,J1801
J1846,erg2,strains,J1801
J1847,mre11,strains,J1801
J1870,aft1,strains,J1801
J1871,gpx2,strains,J1801
J1873,rad51,strains,J1801
J1874,def1,strains,J1801
J1875,mms1,strains,J1801
J1876,nup84,strains,J1801
J1877,rad2,strains,J1801
J1878,rad4,strains,J1801
J1879,rad57,strains,J1801
J1879,aft1,strains,J1801
J1880,reg1,strains,J1801
J1881,rtt107,strains,J1801
J1882,rtt109,strains,J1801
J1883,snf2,strains,J1801
J1885,trm10,strains,J1801
J1886,zuo1,strains,J1801
J1888,wss1,strains,J1801
J1889,ctf8,strains,J1801
J1899,ctf18,strains,J1801
J1900,gnd1,strains,J1801
J1901,ubc13,strains,J1801
J1902,dcc1,strains,J1801
J1903,chc1,strains,J1801
J1904,xrs2,strains,J1801
J1905,rad50,strains,J1801
J1906,pol32,strains,J1801
J1907,ssz1,strains,J1801
J1908,slx5,strains,J1801
J1909,ccs1,strains,J1801
J1910,mms22,strains,J1801
J1911,cln1,strains,J1801
J1912,arp6,strains,J1801
J1913,tof1,strains,J1801
J1914,hir2,strains,J1801
J1915,rad17,strains,J1801
J1916,cka2,strains,J1801
J1917,top1,strains,J1801
J1918,vps41,strains,J1801
J1919,erd1,strains,J1801
J1920,rad55,strains,J1801
J1921,yps1,strains,J1801
J1922,yim1,strains,J1801
J1923,tpp1,strains,J1801
J1924,mlh1,strains,J1801
J1925,rad33,strains,J1801
J1926,sic1,strains,J1801
J1927,rad30,strains,J1801
J1928,dpb4,strains,J1801
J1929,slx1,strains,J1801
J1930,swi5,strains,J1801
J1931,vps74,strains,J1801
J1932,nmd2,strains,J1801
J1933,dcn1,strains,J1801
J1934,slt2,strains,J1801
J1935,arp8,strains,J1801
J1936,elg1,strains,J1801
J1938,nup60,strains,J1801
J1941,yen1,strains,J1801
J1942,sod1,strains,J1801
J1943,ina1,strains,J1801
J1944,stp22,strains,J1801
J1945,msh3,strains,J1801
J1946,chl1,strains,J1801
J1947,hal5,strains,J1801
J1948,tel1,strains,J1801
J1949,clb5,strains,J1801
J1950,whi3,strains,J1801
J1951,ckb1,strains,J1801
J1952,vma10,strains,J1801
J1953,bem1,strains,J1801
J1954,apn1,strains,J1801
J1955,hcs1,strains,J1801
J1956,hnt3,strains,J1801
J1957,pfd1,strains,J1801
J1958,sac1,strains,J1801
J1959,rnh203,strains,J1801
J1960,psy1,strains,J1801
J1961,rad9,strains,J1801
J1962,clb2,strains,J1801
J1963,msh6,strains,J1801
J1964,rad34,strains,J1801
J1965,msh2,strains,J1801
J1966,rad26,strains,J1801
J1967,rad7,strains,J1801
J1968,mms4,strains,J1801
J1969,dot1,strains,J1801
J1970,rad59,strains,J1801
J1971,rad16,strains,J1801
J1972,hpr1,strains,J1801
J1973,hur1,strains,J1801
J1974,sae2,strains,J1801
J1975,rad24,strains,J1801
J1976,rpl20b,strains,J1801
J1977,rts1,strains,J1801
J1978,ira2,strains,J1801
J1979,pho80,strains,J1801
J1980,sin3,strains,J1801
J1981,pph3,strains,J1801
J1982,gph1,strains,J1801
J1983,sis2,strains,J1801
J1984,vps20,strains,J1801
J1985,eps1,strains,J1801
J1986,apq12,strains,J1801
J1987,cac2,strains,J1801
J1988,bfa1,strains,J1801
J1989,chk1,strains,J1801
J1990,dun1,strains,J1801
J1991,rrd1,strains,J1801
J1992,imp2',strains,J1801
J1993,eap1,strains,J1801
J1994,get1,strains,J1801
J1995,gcn5,strains,J1801
J1996,bre1,strains,J1801
J1997,bim1,strains,J1801
J1998,spt2,strains,J1801
J1999,his3,strains,J1801
J2000,vph2,strains,J1801
J2001,mkk1,strains,J1801
J2002,vam3,strains,J1801
J2003,rcy1,strains,J1801
J2004,rtf1,strains,J1801
J2005,ref2,strains,J1801
J2006,ume6,strains,J1801
J2007,sec22,strains,J1801
J2008,sla1,strains,J1801
J2009,ssn3,strains,J1801
J2010,yel1,strains,J1801
J2011,mgs1,strains,J1801
J2012,vps51,strains,J1801
J2014,npl6,strains,J1801
J2015,lsm1,strains,J1801
J2016,mub1,strains,J1801
J2017,yku80,strains,J1801
J2018,yaf9,strains,J1801
J2019,sec66,strains,J1801
J2020,vps52,strains,J1801
J2021,vrp1,strains,J1801
J2022,rpb9,strains,J1801
J2023,lpd1,strains,J1801
J2024,lte1,strains,J1801
J2025,ptc2,strains,J1801
J2026,saw1,strains,J1801
J2027,mrc1,strains,J1801
J2028,ccr4,strains,J1801
J2029,hsl1,strains,J1801
J2030,ypk1,strains,J1801
J2031,vps1,strains,J1801
J2032,tip41,strains,J1801
J2033,mlh2,strains,J1801
J2034,tda5,strains,J1801
J2035,met18,strains,J1801
J2036,ubp7,strains,J1801
J2037,cik1,strains,J1801
none,No-query,NA,NA
pWJ1512,CUP1p-Empty,plasmids,pWJ1512
pWJ1781,GAL1p-Empty,plasmids,pWJ1781
pWJ1799,GAL1p-mcm5-bob1,plasmids,pWJ1781
pWJ1801,GAL1p-MCM6,plasmids,pWJ1781
pWJ1806,CUP1p-CIN8,plasmids,pWJ1512
pWJ1891,GAL1p-SMT3,plasmids,pWJ1781
pWJ1896,GAL1p-BUB1,plasmids,pWJ1781
pWJ1936,CUP1p-DMC1,plasmids,pWJ1512
pWJ2073,GAL1p-CAC2,plasmids,pWJ1781
pWJ2074,GAL1p-CDC7,plasmids,pWJ1781
pWJ2075,GAL1p-ECM38,plasmids,pWJ1781
pWJ2076,GAL1p-CTF4,plasmids,pWJ1781
pWJ2076-237-245d,GAL1p-ctf4-237-245d,plasmids,pWJ1781
pWJ2076-429-439d,GAL1p-ctf4-429-439d,plasmids,pWJ1781
pWJ2076-90-99d,GAL1p-ctf4-90-99d,plasmids,pWJ1781
pWJ2076-C411Delta,GAL1p-ctf4-C411Delta,plasmids,pWJ1781
pWJ2076-C490Delta,GAL1p-ctf4-C490Delta,plasmids,pWJ1781
pWJ2076-C783Delta,GAL1p-ctf4-C783Delta,plasmids,pWJ1781
pWJ2076-C819d,GAL1p-ctf4-C819d,plasmids,pWJ1781
pWJ2076-C845d,GAL1p-ctf4-C845d,plasmids,pWJ1781
pWJ2076-C889d,GAL1p-ctf4-C889d,plasmids,pWJ1781
pWJ2076-C905d,GAL1p-ctf4-C905d,plasmids,pWJ1781
pWJ2076-N43d,GAL1p-ctf4-N43d,plasmids,pWJ1781
pWJ2076-WDd,GAL1p-ctf4-WDd,plasmids,pWJ1781
pWJ2077,GAL1p-GUA1,plasmids,pWJ1781
pWJ2078,GAL1p-STI1,plasmids,pWJ1781
pWJ2079,GAL1p-ULP2,plasmids,pWJ1781
pWJ2080,GAL1p-YTA7,plasmids,pWJ1781
pWJ2081,GAL1p-AKR2,plasmids,pWJ1781
pWJ2082,GAL1p-BUR6,plasmids,pWJ1781
pWJ2083,GAL1p-AIM25,plasmids,pWJ1781
pWJ2084,GAL1p-AKR1,plasmids,pWJ1781
pWJ2085,GAL1p-POL30,plasmids,pWJ1781
pWJ2086,GAL1p-RPN5,plasmids,pWJ1781
pWJ2087,GAL1p-SRP1,plasmids,pWJ1781
pWJ2090,GAL1p-CLB2,plasmids,pWJ1781
pWJ2091,GAL1p-KIP1,plasmids,pWJ1781
pWJ2092,GAL1p-RAD57,plasmids,pWJ1781
pWJ2093,GAL1p-DSK2,plasmids,pWJ1781
pWJ2094,GAL1p-ECM14,plasmids,pWJ1781
pWJ2095,GAL1p-KAR3,plasmids,pWJ1781
pWJ2096,GAL1p-MPH1,plasmids,pWJ1781
pWJ2097,GAL1p-MRPL9,plasmids,pWJ1781
pWJ2098,GAL1p-MRS2,plasmids,pWJ1781
pWJ2099,GAL1p-RFC2,plasmids,pWJ1781
pWJ2100,GAL1p-TIM17,plasmids,pWJ1781
pWJ2101,GAL1p-TSA1,plasmids,pWJ1781
pWJ2102,GAL1p-TSA2,plasmids,pWJ1781
pWJ2103,GAL1p-TUB2,plasmids,pWJ1781
pWJ2105,GAL1p-CLB5,plasmids,pWJ1781
pWJ2106,GAL1p-RPN1,plasmids,pWJ1781
pWJ2119,GAL1p-SPF1,plasmids,pWJ1781
pWJ2120,GAL1p-VAM6,plasmids,pWJ1781
pWJ2121,GAL1p-ISN1,plasmids,pWJ1781
pWJ2122,"GAL1p-ADE5,7",plasmids,pWJ1781
pWJ2123,GAL1p-CLB4,plasmids,pWJ1781
pWJ2124,GAL1p-rad5-G535R,plasmids,pWJ1781
pWJ2125,GAL1p-RAD51,plasmids,pWJ1781
pWJ2126,GAL1p-RGD1,plasmids,pWJ1781
pWJ2127,GAL1p-RPD3,plasmids,pWJ1781
pWJ2128,GAL1p-SKY1,plasmids,pWJ1781
pWJ2129,GAL1p-SMD1,plasmids,pWJ1781
pWJ2141,GAL1p-EXO1,plasmids,pWJ1781
pWJ2142,GAL1p-SEC14,plasmids,pWJ1781
pWJ2143,GAL1p-SNF1,plasmids,pWJ1781
pWJ2144,GAL1p-TAF5,plasmids,pWJ1781
pWJ2145,GAL1p-URA7,plasmids,pWJ1781
pWJ2150,CUP1p-KIP2,plasmids,pWJ1512
pWJ2151,CUP1p-TUB1,plasmids,pWJ1512
pWJ2152,CUP1p-TUB2,plasmids,pWJ1512
pWJ2153,CUP1p-TUB3,plasmids,pWJ1512
pWJ2154,CUP1p-MAD3,plasmids,pWJ1512
pWJ2155,GAL1p-TUB1,plasmids,pWJ1781
pWJ2156,CUP1p-TIM17,plasmids,pWJ1512
pWJ2157,CUP1p-VPS4,plasmids,pWJ1512
pWJ2158,CUP1p-DSK2,plasmids,pWJ1512
pWJ2159,CUP1p-KAR3,plasmids,pWJ1512
pWJ2160,CUP1p-MPH1,plasmids,pWJ1512
pWJ2161,GAL1p-VPS4,plasmids,pWJ1781
pWJ2162,GAL1p-YKL091C,plasmids,pWJ1781
pWJ2163,GAL1p-YPT6,plasmids,pWJ1781
pWJ2164,CUP1p-SPF1,plasmids,pWJ1512
pWJ2165,GAL1p-KIP2,plasmids,pWJ1781
pWJ2166,GAL1p-TUB3,plasmids,pWJ1781
pWJ2167,GAL1p-MAD3,plasmids,pWJ1781
pWJ2171,GAL1p-DPB11,plasmids,pWJ1781
pWJ2172,GAL1p-URA8,plasmids,pWJ1781
pWJ2173,GAL1p-VPS34,plasmids,pWJ1781
pWJ2174,GAL1p-YPK9,plasmids,pWJ1781
pWJ2175,GAL1p-EMC2,plasmids,pWJ1781
pWJ2176,GAL1p-ORM1,plasmids,pWJ1781
pWJ2177,GAL1p-VPS74,plasmids,pWJ1781
pWJ2181,GAL1p-HRD1,plasmids,pWJ1781
pWJ2182,GAL1p-MMS2,plasmids,pWJ1781
pWJ2183,GAL1p-SGS1,plasmids,pWJ1781
pWJ2185,GAL1p-ARF1,plasmids,pWJ1781
pWJ2186,GAL1p-ARF2,plasmids,pWJ1781
pWJ2187,GAL1p-HSF1,plasmids,pWJ1781
pWJ2188,GAL1p-LSM1,plasmids,pWJ1781
pWJ2189,GAL1p-YBL055C,plasmids,pWJ1781
pWJ2190,GAL1p-LTO1,plasmids,pWJ1781
pWJ2191,GAL1p-PER1,plasmids,pWJ1781
pWJ2193,GAL1p-CDC6,plasmids,pWJ1781
pWJ2194,GAL1p-SMP3,plasmids,pWJ1781
pWJ2195,GAL1p-DBR1,plasmids,pWJ1781
pWJ2196,GAL1p-SCH9,plasmids,pWJ1781
pWJ2197,GAL1p-DCN1,plasmids,pWJ1781
pWJ2200,GAL1p-RAD5,plasmids,pWJ1781
pWJ2200-173-281Delta,GAL1p-rad5-173-281Delta,plasmids,pWJ1781
pWJ2200-183-189Delta,GAL1p-rad5-183-189Delta,plasmids,pWJ1781
pWJ2200-183-197Delta,GAL1p-rad5-183-197Delta,plasmids,pWJ1781
pWJ2200-184A,GAL1p-rad5-184A,plasmids,pWJ1781
pWJ2200-186A,GAL1p-rad5-186A,plasmids,pWJ1781
pWJ2200-187A,GAL1p-rad5-187A,plasmids,pWJ1781
pWJ2200-188A,GAL1p-rad5-188A,plasmids,pWJ1781
pWJ2200-189A,GAL1p-rad5-189A,plasmids,pWJ1781
pWJ2200-190-197Delta,GAL1p-rad5-190-197Delta,plasmids,pWJ1781
pWJ2200-190A,GAL1p-rad5-190A,plasmids,pWJ1781
pWJ2200-191A,GAL1p-rad5-191A,plasmids,pWJ1781
pWJ2200-192A,GAL1p-rad5-192A,plasmids,pWJ1781
pWJ2200-193A,GAL1p-rad5-193A,plasmids,pWJ1781
pWJ2200-194A,GAL1p-rad5-194A,plasmids,pWJ1781
pWJ2200-195A,GAL1p-rad5-195A,plasmids,pWJ1781
pWJ2200-196A,GAL1p-rad5-196A,plasmids,pWJ1781
pWJ2200-197A,GAL1p-rad5-197A,plasmids,pWJ1781
pWJ2200-204-214Delta,GAL1p-rad5-204-214Delta,plasmids,pWJ1781
pWJ2200-204-225Delta,GAL1p-rad5-204-225Delta,plasmids,pWJ1781
pWJ2200-208A,GAL1p-rad5-208A,plasmids,pWJ1781
pWJ2200-209A,GAL1p-rad5-209A,plasmids,pWJ1781
pWJ2200-211A,GAL1p-rad5-211A,plasmids,pWJ1781
pWJ2200-212A,GAL1p-rad5-212A,plasmids,pWJ1781
pWJ2200-213A,GAL1p-rad5-213A,plasmids,pWJ1781
pWJ2200-214A,GAL1p-rad5-214A,plasmids,pWJ1781
pWJ2200-215-225Delta,GAL1p-rad5-215-225Delta,plasmids,pWJ1781
pWJ2200-215A,GAL1p-rad5-215A,plasmids,pWJ1781
pWJ2200-216A,GAL1p-rad5-216A,plasmids,pWJ1781
pWJ2200-217A,GAL1p-rad5-217A,plasmids,pWJ1781
pWJ2200-218A,GAL1p-rad5-218A,plasmids,pWJ1781
pWJ2200-219A,GAL1p-rad5-219A,plasmids,pWJ1781
pWJ2200-220A,GAL1p-rad5-220A,plasmids,pWJ1781
pWJ2200-221A,GAL1p-rad5-221A,plasmids,pWJ1781
pWJ2200-223A,GAL1p-rad5-223A,plasmids,pWJ1781
pWJ2200-224A,GAL1p-rad5-224A,plasmids,pWJ1781
pWJ2200-226A,GAL1p-rad5-226A,plasmids,pWJ1781
pWJ2200-227A,GAL1p-rad5-227A,plasmids,pWJ1781
pWJ2200-228A,GAL1p-rad5-228A,plasmids,pWJ1781
pWJ2200-229A,GAL1p-rad5-229A,plasmids,pWJ1781
pWJ2200-230A,GAL1p-rad5-230A,plasmids,pWJ1781
pWJ2200-231A,GAL1p-rad5-231A,plasmids,pWJ1781
pWJ2200-232A,GAL1p-rad5-232A,plasmids,pWJ1781
pWJ2200-240A,GAL1p-rad5-240A,plasmids,pWJ1781
pWJ2200-241A,GAL1p-rad5-241A,plasmids,pWJ1781
pWJ2200-242A,GAL1p-rad5-242A,plasmids,pWJ1781
pWJ2200-243A,GAL1p-rad5-243A,plasmids,pWJ1781
pWJ2200-244A,GAL1p-rad5-244A,plasmids,pWJ1781
pWJ2200-245A,GAL1p-rad5-245A,plasmids,pWJ1781
pWJ2200-267A,GAL1p-rad5-267A,plasmids,pWJ1781
pWJ2200-271A,GAL1p-rad5-271A,plasmids,pWJ1781
pWJ2200-273A,GAL1p-rad5-273A,plasmids,pWJ1781
pWJ2200-274A,GAL1p-rad5-274A,plasmids,pWJ1781
pWJ2200-275A,GAL1p-rad5-275A,plasmids,pWJ1781
pWJ2200-276A,GAL1p-rad5-276A,plasmids,pWJ1781
pWJ2200-C411Delta,GAL1p-rad5-C411Delta,plasmids,pWJ1781
pWJ2200-C490Delta,GAL1p-rad5-C490Delta,plasmids,pWJ1781
pWJ2200-C783Delta,GAL1p-rad5-C783Delta,plasmids,pWJ1781
pWJ2200-D681A,GAL1p-rad5-D681A,plasmids,pWJ1781
pWJ2200-E682A,GAL1p-rad5-E682A,plasmids,pWJ1781
pWJ2200-S129A,GAL1p-rad5-S129A,plasmids,pWJ1781
pWJ2200-S129E,GAL1p-rad5-S129E,plasmids,pWJ1781
pWJ2200-S130A,GAL1p-rad5-S130A,plasmids,pWJ1781
pWJ2200-S130E,GAL1p-rad5-S130E,plasmids,pWJ1781
pWJ2200-S20A,GAL1p-rad5-S20A,plasmids,pWJ1781
pWJ2200-S23E,GAL1p-rad5-S23E,plasmids,pWJ1781
pWJ2220,GAL1p-rad5-N155d,plasmids,pWJ1781
pWJ2221,GAL1p-FLAG-RAD5,plasmids,pWJ1781
pWJ2230,"GAL1p-rad5-D681A,E682A",plasmids,pWJ1781
pWJ2231,GAL1p-rad5-I916A,plasmids,pWJ1781
pWJ2232,GAL1p-FLAG-CTF4,plasmids,pWJ1781
pWJ2233,GAL1p-rad5-N164Delta,plasmids,pWJ1781
pWJ2234,GAL1p-rad5-N293Delta,plasmids,pWJ1781
pWJ2235,GAL1p-rad5-N904Delta,plasmids,pWJ1781
pWJ2236,GAL1p-rad5-N983Delta,plasmids,pWJ1781
pWJ2237,GAL1p-rad5-C990Delta,plasmids,pWJ1781
pWJ2238,GAL1p-rad5-Q1106D,plasmids,pWJ1781
pWJ2239,GAL1p-rad5-V228A,plasmids,pWJ1781
pWJ2242,GAL1p-rad5-D232A,plasmids,pWJ1781
pWJ2451,GAL1p-rad5-204_214del,plasmids,pWJ1781
pWJ2504,GAL1p-3V5-RAD5,plasmids,pWJ1781
pWJ2511,GAL1p-mTQ2-RAD5,plasmids,pWJ1781
pWJ2512,GAL1p-RAD5-3V5,plasmids,pWJ1781
pWJ2513,GAL1p-RAD5-mTQ2,plasmids,pWJ1781
pWJ2522,"GAL1p-rad5-HD,RING",plasmids,pWJ1781
pWJ2532,GAL1p-rad5-zipper,plasmids,pWJ1781
pWJ2545,GAL1p-HLTF,plasmids,pWJ1781
pWJ2551,GAL1p-rad5-HIRAN-acidic-loop,plasmids,pWJ1781
pWJ2553,GAL1p-rad5-HIRAN-neutral-loop,plasmids,pWJ1781
pWJ2555,GAL1p-rad5-R187E,plasmids,pWJ1781
pWJ2557,GAL1p-rad5-R229E,plasmids,pWJ1781
pWJ2559,GAL1p-rad5-R241E,plasmids,pWJ1781
pWJ2580,"GAL1p-rad5-RDE187,681,682EAA",plasmids,pWJ1781
pWJ2581,"GAL1p-rad5-RI187,916EA",plasmids,pWJ1781
pWJ2582,"GAL1p-rad5-RDEI187,681,682,916EAAA",plasmids,pWJ1781
pWJ2600,GAL1p-PCH2,plasmids,pWJ1781
pWJ2607,GAL1p-SML1,plasmids,pWJ1781
pWJ2608,GAL1p-HUG1,plasmids,pWJ1781
pWJ2609,GAL1p-DIF1,plasmids,pWJ1781
U3102,shu1,strains,J1801
U3103,csm2,strains,J1801
U3116,shu2,strains,J1801
U3117,psy3,strains,J1801
W11222-4B,pol30-RR,strains,J1801
ZOO598,"GAL1,10p-SLD3;SLD7;CDC45",plasmids,ZOO599
ZOO599,"GAL1,10-empty",plasmids,pWJ1781
ZOO600,GAL1p-DBF4,plasmids,ZOO599